label,rows,pct
Benign,3764269,83.18091218455828
Bot,286191,6.324103946612454
FTP-BruteForce,193360,4.272771467715561
SSH-Bruteforce,187589,4.14524682900959
Infilteration,93063,2.0564590975383394
Brute Force -Web,611,0.013501568922084237
Brute Force -XSS,230,0.005082423653157732
SQL Injection,87,0.0019224819905422725
