label,rows,pct
Benign,80000,39.815257206561554
SSH-Bruteforce,30000,14.930721452460583
Infilteration,30000,14.930721452460583
Bot,30000,14.930721452460583
FTP-BruteForce,30000,14.930721452460583
Brute Force -Web,611,0.30408902691511386
Brute Force -XSS,230,0.11446886446886448
SQL Injection,87,0.04329909221213569
